,Function Code,Function Description,Category Code,Category Description,Framework Requirement Code,Framework Requirement Description,Contextualized Framework Requirement Description
0,IDENTIFY-P (ID-P),Develop the organizational understanding to manage privacy risk for individuals arising from data processing.,Inventory and Mapping (ID.IM-P),"Data processing by systems, products, or services is understood and informs the management of privacy risk.",ID.IM-P1,Systems/products/services that process data are inventoried.,"Maintain a comprehensive inventory of all systems, products, and services that process data to enhance organizational understanding and management of privacy risks associated with data processing, thereby supporting informed privacy risk management decisions."
1,IDENTIFY-P (ID-P),Develop the organizational understanding to manage privacy risk for individuals arising from data processing.,Inventory and Mapping (ID.IM-P),"Data processing by systems, products, or services is understood and informs the management of privacy risk.",ID.IM-P2,"Owners or operators (e.g., the organization or third parties such as service providers, partners, customers, and developers) and their roles with respect to the systems/products/services and components (e.g., internal or external) that process data are inventoried.","Maintain a comprehensive inventory of all owners or operators, including the organization and any third parties such as service providers, partners, customers, and developers, along with their specific roles related to the systems, products, or services and components, whether internal or external, that process data. This inventory supports the organizational understanding necessary to manage privacy risks to individuals arising from data processing activities."
2,IDENTIFY-P (ID-P),Develop the organizational understanding to manage privacy risk for individuals arising from data processing.,Inventory and Mapping (ID.IM-P),"Data processing by systems, products, or services is understood and informs the management of privacy risk.",ID.IM-P3,"Categories of individuals (e.g., customers, employees or prospective employees, consumers) whose data are being processed are inventoried.","Maintain an inventory of categories of individuals (e.g., customers, employees, or prospective employees, consumers) whose data are processed, to enhance organizational understanding and management of privacy risks associated with data processing activities. This inventory supports the objective of developing organizational insights into how data processing by systems, products, or services impacts privacy risk."
3,IDENTIFY-P (ID-P),Develop the organizational understanding to manage privacy risk for individuals arising from data processing.,Inventory and Mapping (ID.IM-P),"Data processing by systems, products, or services is understood and informs the management of privacy risk.",ID.IM-P4,Data actions of the systems/products/services are inventoried.,"**Contextualized Framework Requirement:**
Ensure a comprehensive inventory of data actions performed by the organization's systems, products, and services is maintained to enhance the understanding of data processing activities. This inventory supports the management of privacy risks associated with the processing of individual's data, aligning with organizational objectives to manage privacy implications effectively."
4,IDENTIFY-P (ID-P),Develop the organizational understanding to manage privacy risk for individuals arising from data processing.,Inventory and Mapping (ID.IM-P),"Data processing by systems, products, or services is understood and informs the management of privacy risk.",ID.IM-P5,The purposes for the data actions are inventoried.,"Inventory the purposes of data actions to enhance organizational understanding and management of privacy risks associated with data processing in systems, products, or services."
5,IDENTIFY-P (ID-P),Develop the organizational understanding to manage privacy risk for individuals arising from data processing.,Inventory and Mapping (ID.IM-P),"Data processing by systems, products, or services is understood and informs the management of privacy risk.",ID.IM-P6,Data elements within the data actions are inventoried.,"Inventory all data elements involved in data processing activities to enhance organizational understanding and management of privacy risks associated with individuals' data, in alignment with the objective of developing comprehensive privacy risk management strategies."
6,IDENTIFY-P (ID-P),Develop the organizational understanding to manage privacy risk for individuals arising from data processing.,Inventory and Mapping (ID.IM-P),"Data processing by systems, products, or services is understood and informs the management of privacy risk.",ID.IM-P7,"The data processing environment is identified (e.g., geographic location, internal, cloud, third parties).","Ensure the identification of the data processing environment—including geographic location and whether processing is internal, in the cloud, or involves third parties—to enhance organizational understanding and management of privacy risks associated with individuals' data processed by systems, products, or services."
7,IDENTIFY-P (ID-P),Develop the organizational understanding to manage privacy risk for individuals arising from data processing.,Inventory and Mapping (ID.IM-P),"Data processing by systems, products, or services is understood and informs the management of privacy risk.",ID.IM-P8,"Data processing is mapped, illustrating the data actions and associated data elements for systems/products/services, including components; roles of the component owners/operators; and interactions of individuals or third parties with the systems/products/services.","Ensure comprehensive mapping of data processing activities, detailing the specific data actions and elements involved in all systems, products, or services. This mapping should include identification of component owners/operators, and document interactions involving individuals or third parties. This process supports the organizational understanding necessary to manage privacy risks associated with data processing, aligning with the strategic objective to enhance privacy risk management through improved clarity on how data is processed within the organization."
8,IDENTIFY-P (ID-P),Develop the organizational understanding to manage privacy risk for individuals arising from data processing.,Business Environment (ID.BE-P),"The organization’s mission, objectives, stakeholders, and activities are understood and prioritized; this information is used to inform privacy roles, responsibilities, and risk management decisions.",ID.BE-P1,The organization’s role(s) in the data processing ecosystem are identified and communicated.,"Identify and communicate the organization's specific roles within the data processing ecosystem to enhance the understanding of privacy risks associated with data processing, thereby supporting the prioritization of the organization’s mission, objectives, stakeholders, and activities. This understanding is crucial for defining privacy roles, responsibilities, and informed risk management decisions."
9,IDENTIFY-P (ID-P),Develop the organizational understanding to manage privacy risk for individuals arising from data processing.,Business Environment (ID.BE-P),"The organization’s mission, objectives, stakeholders, and activities are understood and prioritized; this information is used to inform privacy roles, responsibilities, and risk management decisions.",ID.BE-P2,"Priorities for organizational mission, objectives, and activities are established and communicated.","Establish and communicate organizational priorities for the mission, objectives, and activities, ensuring alignment with privacy roles, responsibilities, and risk management decisions to effectively manage privacy risks arising from data processing."
10,IDENTIFY-P (ID-P),Develop the organizational understanding to manage privacy risk for individuals arising from data processing.,Business Environment (ID.BE-P),"The organization’s mission, objectives, stakeholders, and activities are understood and prioritized; this information is used to inform privacy roles, responsibilities, and risk management decisions.",ID.BE-P3,Systems/products/services that support organizational priorities are identified and key requirements communicated.,"Identify and communicate the key requirements of systems, products, or services that align with organizational priorities, ensuring these elements support the organization's mission, objectives, stakeholders, and activities. This process aids in defining privacy roles, responsibilities, and informs risk management decisions related to data processing, thereby enhancing the management of privacy risks for individuals."
11,IDENTIFY-P (ID-P),Develop the organizational understanding to manage privacy risk for individuals arising from data processing.,Risk Assessment (ID.RA-P),"The organization understands the privacy risks to individuals and how such privacy risks may create follow-on impacts on organizational operations, including mission, functions, other risk management priorities (e.g., compliance, financial), reputation, workforce, and culture.",ID.RA-P1,"Contextual factors related to the systems/products/services and the data actions are identified (e.g., individuals’ demographics and privacy interests or perceptions, data sensitivity and/or types, visibility of data processing to individuals and third parties).","Identify and analyze contextual factors such as individuals' demographics, privacy interests, data sensitivity, and visibility of data processing activities to enhance organizational understanding of privacy risks. This understanding is crucial for managing risks to individuals' privacy and addressing potential impacts on organizational operations, reputation, compliance, financial stability, workforce, and culture."
12,IDENTIFY-P (ID-P),Develop the organizational understanding to manage privacy risk for individuals arising from data processing.,Risk Assessment (ID.RA-P),"The organization understands the privacy risks to individuals and how such privacy risks may create follow-on impacts on organizational operations, including mission, functions, other risk management priorities (e.g., compliance, financial), reputation, workforce, and culture.",ID.RA-P2,Data analytic inputs and outputs are identified and evaluated for bias.,"Ensure the identification and evaluation of biases in data analytics inputs and outputs to manage privacy risks for individuals arising from data processing, thereby understanding and addressing the potential impacts on organizational operations, reputation, and compliance obligations."
13,IDENTIFY-P (ID-P),Develop the organizational understanding to manage privacy risk for individuals arising from data processing.,Risk Assessment (ID.RA-P),"The organization understands the privacy risks to individuals and how such privacy risks may create follow-on impacts on organizational operations, including mission, functions, other risk management priorities (e.g., compliance, financial), reputation, workforce, and culture.",ID.RA-P3,Potential problematic data actions and associated problems are identified.,"Identify and document potential problematic data actions and the associated privacy risks to individuals, ensuring an understanding of how these risks may impact organizational operations, including compliance with mission-critical functions, financial obligations, reputation, workforce, and cultural values."
14,IDENTIFY-P (ID-P),Develop the organizational understanding to manage privacy risk for individuals arising from data processing.,Risk Assessment (ID.RA-P),"The organization understands the privacy risks to individuals and how such privacy risks may create follow-on impacts on organizational operations, including mission, functions, other risk management priorities (e.g., compliance, financial), reputation, workforce, and culture.",ID.RA-P4,"Problematic data actions, likelihoods, and impacts are used to determine and prioritize risk.","**Contextualized Framework Requirement:**

Develop and enhance the organizational understanding of privacy risks associated with data processing activities by identifying and evaluating problematic data actions, their likelihoods, and potential impacts. This understanding should inform the prioritization of privacy risk management efforts, ensuring alignment with organizational operations, mission, functions, compliance obligations, financial stability, reputation, workforce integrity, and cultural values."
15,IDENTIFY-P (ID-P),Develop the organizational understanding to manage privacy risk for individuals arising from data processing.,Risk Assessment (ID.RA-P),"The organization understands the privacy risks to individuals and how such privacy risks may create follow-on impacts on organizational operations, including mission, functions, other risk management priorities (e.g., compliance, financial), reputation, workforce, and culture.",ID.RA-P5,"Risk responses are identified, prioritized, and implemented.","Develop and implement prioritized risk responses to manage privacy risks to individuals from data processing, enhancing organizational understanding and addressing potential impacts on operations, compliance, financial stability, reputation, workforce, and culture."
16,IDENTIFY-P (ID-P),Develop the organizational understanding to manage privacy risk for individuals arising from data processing.,Data Processing Ecosystem Risk Management (ID.DE-P),"The organization’s priorities, constraints, risk tolerance, and assumptions are established and used to support risk decisions associated with managing privacy risk and third parties within the data processing ecosystem. The organization has established and implemented the processes to identify, assess, and manage privacy risks within the data processing ecosystem.",ID.DE-P1,"Data processing ecosystem risk management policies, processes, and procedures are identified, established, assessed, managed, and agreed to by organizational stakeholders.","Establish and implement comprehensive risk management policies, processes, and procedures for the data processing ecosystem, ensuring alignment with organizational priorities, constraints, risk tolerance, and assumptions. These must be collaboratively developed, regularly assessed, and agreed upon by relevant stakeholders to effectively manage privacy risks and maintain compliance within the data processing ecosystem."
17,IDENTIFY-P (ID-P),Develop the organizational understanding to manage privacy risk for individuals arising from data processing.,Data Processing Ecosystem Risk Management (ID.DE-P),"The organization’s priorities, constraints, risk tolerance, and assumptions are established and used to support risk decisions associated with managing privacy risk and third parties within the data processing ecosystem. The organization has established and implemented the processes to identify, assess, and manage privacy risks within the data processing ecosystem.",ID.DE-P2,"Data processing ecosystem parties (e.g., service providers, customers, partners, product manufacturers, application developers) are identified, prioritized, and assessed using a privacy risk assessment process.","Identify, prioritize, and assess data processing ecosystem parties—including service providers, customers, partners, product manufacturers, and application developers—through a comprehensive privacy risk assessment process. This process is integral to developing the organizational understanding necessary to manage privacy risks to individuals arising from data processing activities. It supports the establishment of organizational priorities, constraints, risk tolerances, and assumptions, facilitating informed risk decisions and effective management of privacy risks and third-party interactions within the data processing ecosystem."
18,IDENTIFY-P (ID-P),Develop the organizational understanding to manage privacy risk for individuals arising from data processing.,Data Processing Ecosystem Risk Management (ID.DE-P),"The organization’s priorities, constraints, risk tolerance, and assumptions are established and used to support risk decisions associated with managing privacy risk and third parties within the data processing ecosystem. The organization has established and implemented the processes to identify, assess, and manage privacy risks within the data processing ecosystem.",ID.DE-P3,Contracts with data processing ecosystem parties are used to implement appropriate measures designed to meet the objectives of an organization’s privacy program.,"Contracts with data processing ecosystem parties are established to implement measures that align with the organization’s privacy program objectives, supporting the management of privacy risks for individuals arising from data processing. This is in accordance with the organization’s established priorities, constraints, risk tolerance, and assumptions, and involves processes to identify, assess, and manage privacy risks within the data processing ecosystem."
19,IDENTIFY-P (ID-P),Develop the organizational understanding to manage privacy risk for individuals arising from data processing.,Data Processing Ecosystem Risk Management (ID.DE-P),"The organization’s priorities, constraints, risk tolerance, and assumptions are established and used to support risk decisions associated with managing privacy risk and third parties within the data processing ecosystem. The organization has established and implemented the processes to identify, assess, and manage privacy risks within the data processing ecosystem.",ID.DE-P4,Interoperability frameworks or similar multi-party approaches are used to manage data processing ecosystem privacy risks.,"Utilize interoperability frameworks or equivalent multi-party approaches to enhance organizational understanding and management of privacy risks in the data processing ecosystem, ensuring alignment with established organizational priorities, constraints, risk tolerance, and assumptions to effectively identify, assess, and manage privacy risks involving third parties."
20,IDENTIFY-P (ID-P),Develop the organizational understanding to manage privacy risk for individuals arising from data processing.,Data Processing Ecosystem Risk Management (ID.DE-P),"The organization’s priorities, constraints, risk tolerance, and assumptions are established and used to support risk decisions associated with managing privacy risk and third parties within the data processing ecosystem. The organization has established and implemented the processes to identify, assess, and manage privacy risks within the data processing ecosystem.",ID.DE-P5,"Data processing ecosystem parties are routinely assessed using audits, test results, or other forms of evaluations to confirm they are meeting their contractual, interoperability framework, or other obligations.","Regular assessments, through audits, testing, or evaluations, are conducted on all parties within the data processing ecosystem to ensure compliance with contractual, interoperability framework, or other obligations. This practice supports the organizational goal of managing privacy risks and aligns with established priorities, constraints, risk tolerances, and assumptions to facilitate informed risk decisions regarding third-party interactions and privacy risk management within the data processing ecosystem."
21,GOVERN-P (GV-P),Develop and implement the organizational governance structure to enable an ongoing understanding of the organization’s risk management priorities that are informed by privacy risk.,"Governance Policies, Processes, and Procedures (GV.PO-P)","The policies, processes, and procedures to manage and monitor the organization’s regulatory, legal, risk, environmental, and operational requirements are understood and inform the management of privacy risk.",GV.PO-P1,"Organizational privacy values and policies (e.g., conditions on data processing such as data uses or retention periods, individuals’ prerogatives with respect to data processing) are established and communicated.","Establish and communicate organizational privacy values and policies, including conditions on data processing such as data uses or retention periods, and individuals’ prerogatives with respect to data processing, as part of the governance structure to enhance understanding of the organization’s risk management priorities and ensure compliance with regulatory, legal, risk, environmental, and operational requirements, thereby managing privacy risk effectively."
22,GOVERN-P (GV-P),Develop and implement the organizational governance structure to enable an ongoing understanding of the organization’s risk management priorities that are informed by privacy risk.,"Governance Policies, Processes, and Procedures (GV.PO-P)","The policies, processes, and procedures to manage and monitor the organization’s regulatory, legal, risk, environmental, and operational requirements are understood and inform the management of privacy risk.",GV.PO-P2,Processes to instill organizational privacy values within system/product/service development and operations are established and in place.,"Establish and maintain processes that integrate organizational privacy values into the development and operational practices of systems, products, and services, ensuring these processes align with the organization's governance structure to manage privacy risks effectively and meet regulatory, legal, risk, environmental, and operational requirements."
23,GOVERN-P (GV-P),Develop and implement the organizational governance structure to enable an ongoing understanding of the organization’s risk management priorities that are informed by privacy risk.,"Governance Policies, Processes, and Procedures (GV.PO-P)","The policies, processes, and procedures to manage and monitor the organization’s regulatory, legal, risk, environmental, and operational requirements are understood and inform the management of privacy risk.",GV.PO-P3,Roles and responsibilities for the workforce are established with respect to privacy.,"Establish and delineate roles and responsibilities for the workforce to ensure ongoing alignment with the organizational governance structure, thereby supporting the management of privacy risks in accordance with regulatory, legal, risk, environmental, and operational requirements."
24,GOVERN-P (GV-P),Develop and implement the organizational governance structure to enable an ongoing understanding of the organization’s risk management priorities that are informed by privacy risk.,"Governance Policies, Processes, and Procedures (GV.PO-P)","The policies, processes, and procedures to manage and monitor the organization’s regulatory, legal, risk, environmental, and operational requirements are understood and inform the management of privacy risk.",GV.PO-P4,"Privacy roles and responsibilities are coordinated and aligned with third-party stakeholders (e.g., service providers, customers, partners).","Ensure the alignment and coordination of privacy roles and responsibilities with third-party stakeholders, such as service providers, customers, and partners, to support the organizational governance structure. This alignment aids in the ongoing understanding and management of the organization’s privacy risk, in accordance with its regulatory, legal, risk, environmental, and operational requirements."
25,GOVERN-P (GV-P),Develop and implement the organizational governance structure to enable an ongoing understanding of the organization’s risk management priorities that are informed by privacy risk.,"Governance Policies, Processes, and Procedures (GV.PO-P)","The policies, processes, and procedures to manage and monitor the organization’s regulatory, legal, risk, environmental, and operational requirements are understood and inform the management of privacy risk.",GV.PO-P5,"Legal, regulatory, and contractual requirements regarding privacy are understood and managed.","Develop and implement organizational governance structures that ensure a comprehensive understanding and management of legal, regulatory, and contractual privacy requirements, thereby informing and prioritizing the organization's privacy risk management strategies within the context of its broader regulatory, legal, risk, environmental, and operational obligations."
26,GOVERN-P (GV-P),Develop and implement the organizational governance structure to enable an ongoing understanding of the organization’s risk management priorities that are informed by privacy risk.,"Governance Policies, Processes, and Procedures (GV.PO-P)","The policies, processes, and procedures to manage and monitor the organization’s regulatory, legal, risk, environmental, and operational requirements are understood and inform the management of privacy risk.",GV.PO-P6,"Governance and risk management policies, processes, and procedures address privacy risks.","Develop and implement governance and risk management policies, processes, and procedures that address privacy risks within the organizational governance structure. This structure should enable an ongoing understanding of the organization’s risk management priorities, which are informed by privacy risk, and ensure compliance with regulatory, legal, risk, environmental, and operational requirements."
27,GOVERN-P (GV-P),Develop and implement the organizational governance structure to enable an ongoing understanding of the organization’s risk management priorities that are informed by privacy risk.,Risk Management Strategy (GV.RM-P),"The organization’s priorities, constraints, risk tolerances, and assumptions are established and used to support operational risk decisions.",GV.RM-P1,"Risk management processes are established, managed, and agreed to by organizational stakeholders.","Establish and maintain risk management processes that are acknowledged and implemented by organizational stakeholders, ensuring these processes align with the organization's established priorities, constraints, risk tolerances, and assumptions to support informed operational risk decisions, thereby facilitating an ongoing understanding of the organization’s risk management priorities influenced by privacy risk."
28,GOVERN-P (GV-P),Develop and implement the organizational governance structure to enable an ongoing understanding of the organization’s risk management priorities that are informed by privacy risk.,Risk Management Strategy (GV.RM-P),"The organization’s priorities, constraints, risk tolerances, and assumptions are established and used to support operational risk decisions.",GV.RM-P2,Organizational risk tolerance is determined and clearly expressed.,"Establish and articulate the organization's risk tolerance within the governance structure to enhance the ongoing understanding and management of privacy risks, aligning with organizational priorities and supporting informed operational risk decisions."
29,GOVERN-P (GV-P),Develop and implement the organizational governance structure to enable an ongoing understanding of the organization’s risk management priorities that are informed by privacy risk.,Risk Management Strategy (GV.RM-P),"The organization’s priorities, constraints, risk tolerances, and assumptions are established and used to support operational risk decisions.",GV.RM-P3,The organization’s determination of risk tolerance is informed by its role(s) in the data processing ecosystem.,"The organization must establish and implement a governance structure that continuously informs its risk management priorities based on its defined roles within the data processing ecosystem, ensuring that these priorities reflect established constraints, risk tolerances, and assumptions to support operational risk decisions."
30,GOVERN-P (GV-P),Develop and implement the organizational governance structure to enable an ongoing understanding of the organization’s risk management priorities that are informed by privacy risk.,Awareness and Training (GV.AT-P),"The organization’s workforce and third parties engaged in data processing are provided privacy awareness education and are trained to perform their privacy-related duties and responsibilities consistent with related policies, processes, procedures, and agreements and organizational privacy values.",GV.AT-P1,The workforce is informed and trained on its roles and responsibilities.,"Ensure the workforce is adequately informed and trained on their specific roles and responsibilities related to privacy, aligning with the organization's governance structure to enhance ongoing understanding of privacy risk management priorities. This training should be consistent with organizational privacy policies, processes, procedures, and values, and extend to third parties involved in data processing."
31,GOVERN-P (GV-P),Develop and implement the organizational governance structure to enable an ongoing understanding of the organization’s risk management priorities that are informed by privacy risk.,Awareness and Training (GV.AT-P),"The organization’s workforce and third parties engaged in data processing are provided privacy awareness education and are trained to perform their privacy-related duties and responsibilities consistent with related policies, processes, procedures, and agreements and organizational privacy values.",GV.AT-P2,Senior executives understand their roles and responsibilities.,"Senior executives are educated and aware of their specific roles and responsibilities within the organizational governance structure to support ongoing privacy risk management priorities, aligning with the organization’s privacy values and regulatory requirements. This education is part of broader privacy awareness training provided to the workforce and third parties involved in data processing, ensuring compliance with privacy policies, processes, procedures, and agreements."
32,GOVERN-P (GV-P),Develop and implement the organizational governance structure to enable an ongoing understanding of the organization’s risk management priorities that are informed by privacy risk.,Awareness and Training (GV.AT-P),"The organization’s workforce and third parties engaged in data processing are provided privacy awareness education and are trained to perform their privacy-related duties and responsibilities consistent with related policies, processes, procedures, and agreements and organizational privacy values.",GV.AT-P3,Privacy personnel understand their roles and responsibilities.,"Ensure privacy personnel are aware of and understand their specific roles and responsibilities as part of the organizational governance structure, to support an ongoing alignment with the organization’s privacy risk management priorities. This understanding is crucial for implementing policies, processes, and procedures that uphold the organization's privacy values and comply with relevant agreements, particularly during engagements involving data processing by the workforce and third parties."
33,GOVERN-P (GV-P),Develop and implement the organizational governance structure to enable an ongoing understanding of the organization’s risk management priorities that are informed by privacy risk.,Awareness and Training (GV.AT-P),"The organization’s workforce and third parties engaged in data processing are provided privacy awareness education and are trained to perform their privacy-related duties and responsibilities consistent with related policies, processes, procedures, and agreements and organizational privacy values.",GV.AT-P4,"Third parties (e.g., service providers, customers, partners) understand their roles and responsibilities.","Ensure that all third parties, including service providers, customers, and partners, are clearly informed and understand their specific roles and responsibilities in relation to the organization's privacy policies and procedures. This understanding is crucial to uphold the organizational governance structure that supports ongoing awareness and adherence to the organization’s privacy risk management priorities. Additionally, it aligns with the requirement to provide privacy awareness education and training to those engaged in data processing, ensuring they can effectively fulfill their privacy-related duties in accordance with organizational privacy values and regulatory expectations."
34,GOVERN-P (GV-P),Develop and implement the organizational governance structure to enable an ongoing understanding of the organization’s risk management priorities that are informed by privacy risk.,Monitoring and Review (GV.MT-P),"The policies, processes, and procedures for ongoing review of the organization’s privacy posture are understood and inform the management of privacy risk.",GV.MT-P1,"Privacy risk is re-evaluated on an ongoing basis and as key factors, including the organization’s business environment (e.g., introduction of new technologies), governance (e.g., legal obligations, risk tolerance), data processing, and systems/products/services change.","Continuously re-evaluate privacy risks in response to changes in the business environment, governance, data processing, and systems/products/services to maintain an up-to-date understanding of the organization's privacy posture, thereby informing and guiding the management of privacy risk in alignment with the organization's risk management priorities."
35,GOVERN-P (GV-P),Develop and implement the organizational governance structure to enable an ongoing understanding of the organization’s risk management priorities that are informed by privacy risk.,Monitoring and Review (GV.MT-P),"The policies, processes, and procedures for ongoing review of the organization’s privacy posture are understood and inform the management of privacy risk.",GV.MT-P2,"Privacy values, policies, and training are reviewed and any updates are communicated.","Ensure the organization's privacy values, policies, and training are periodically reviewed and updated as necessary, with all amendments effectively communicated across the organization. This process supports the governance structure that facilitates an ongoing understanding and management of privacy risks, aligning with organizational risk management priorities."
36,GOVERN-P (GV-P),Develop and implement the organizational governance structure to enable an ongoing understanding of the organization’s risk management priorities that are informed by privacy risk.,Monitoring and Review (GV.MT-P),"The policies, processes, and procedures for ongoing review of the organization’s privacy posture are understood and inform the management of privacy risk.",GV.MT-P3,"Policies, processes, and procedures for assessing compliance with legal requirements and privacy policies are established and in place.","Establish and maintain policies, processes, and procedures to assess compliance with legal and internal privacy requirements, ensuring these measures are integrated within the organizational governance structure to continually inform and align with the organization’s privacy risk management priorities."
37,GOVERN-P (GV-P),Develop and implement the organizational governance structure to enable an ongoing understanding of the organization’s risk management priorities that are informed by privacy risk.,Monitoring and Review (GV.MT-P),"The policies, processes, and procedures for ongoing review of the organization’s privacy posture are understood and inform the management of privacy risk.",GV.MT-P4,"Policies, processes, and procedures for communicating progress on managing privacy risks are established and in place.","Establish and maintain policies, processes, and procedures to effectively communicate the organization's progress in managing privacy risks, ensuring these measures are aligned with the organizational governance structure to continuously inform and update the organization’s privacy risk management priorities."
38,GOVERN-P (GV-P),Develop and implement the organizational governance structure to enable an ongoing understanding of the organization’s risk management priorities that are informed by privacy risk.,Monitoring and Review (GV.MT-P),"The policies, processes, and procedures for ongoing review of the organization’s privacy posture are understood and inform the management of privacy risk.",GV.MT-P5,"Policies, processes, and procedures are established and in place to receive, analyze, and respond to problematic data actions disclosed to the organization from internal and external sources (e.g., internal discovery, privacy researchers, professional events).","Establish and maintain policies, processes, and procedures to effectively receive, analyze, and address problematic data actions reported by both internal and external sources, such as through internal audits, inputs from privacy researchers, or insights gained at professional events. This practice supports the organizational governance structure by enhancing the ongoing understanding and management of privacy risks, aligning with the organization's risk management priorities."
39,GOVERN-P (GV-P),Develop and implement the organizational governance structure to enable an ongoing understanding of the organization’s risk management priorities that are informed by privacy risk.,Monitoring and Review (GV.MT-P),"The policies, processes, and procedures for ongoing review of the organization’s privacy posture are understood and inform the management of privacy risk.",GV.MT-P6,"Policies, processes, and procedures incorporate lessons learned from problematic data actions.","Develop and implement organizational policies, processes, and procedures that integrate lessons learned from problematic data actions, ensuring continuous improvement in privacy management and alignment with the organization's risk management priorities."
40,GOVERN-P (GV-P),Develop and implement the organizational governance structure to enable an ongoing understanding of the organization’s risk management priorities that are informed by privacy risk.,Monitoring and Review (GV.MT-P),"The policies, processes, and procedures for ongoing review of the organization’s privacy posture are understood and inform the management of privacy risk.",GV.MT-P7,"Policies, processes, and procedures for receiving, tracking, and responding to complaints, concerns, and questions from individuals about organizational privacy practices are established and in place.","Establish and maintain policies, processes, and procedures to effectively manage complaints, concerns, and inquiries from individuals regarding the organization's privacy practices, ensuring these mechanisms are integral to the organizational governance structure. This will support an ongoing understanding and management of privacy risks, aligning with the organization’s risk management priorities."
41,CONTROL-P (CT-P),Develop and implement appropriate activities to enable organizations or individuals to manage data with sufficient granularity to manage privacy risks.,"Data Processing Policies, Processes, and Procedures (CT.PO-P)","Policies, processes, and procedures are maintained and used to manage data processing (e.g., purpose, scope, roles and responsibilities in the data processing ecosystem, and management commitment) consistent with the organization’s risk strategy to protect individuals’ privacy.",CT.PO-P1,"Policies, processes, and procedures for authorizing data processing (e.g., organizational decisions, individual consent), revoking authorizations, and maintaining authorizations are established and in place.","Establish and maintain comprehensive policies, processes, and procedures to manage authorizations for data processing activities, including granting, revoking, and maintaining authorizations, aligned with organizational decisions or individual consent. These should be consistent with the organization’s risk strategy to protect privacy, clearly defining the purpose, scope, roles, responsibilities, and management commitment within the data processing ecosystem. This approach supports the management of privacy risks with the necessary granularity to address individual and organizational needs."
42,CONTROL-P (CT-P),Develop and implement appropriate activities to enable organizations or individuals to manage data with sufficient granularity to manage privacy risks.,"Data Processing Policies, Processes, and Procedures (CT.PO-P)","Policies, processes, and procedures are maintained and used to manage data processing (e.g., purpose, scope, roles and responsibilities in the data processing ecosystem, and management commitment) consistent with the organization’s risk strategy to protect individuals’ privacy.",CT.PO-P2,"Policies, processes, and procedures for enabling data review, transfer, sharing or disclosure, alteration, and deletion are established and in place (e.g., to maintain data quality, manage data retention).","Establish and maintain comprehensive policies, processes, and procedures that enable precise management of data review, transfer, sharing, disclosure, alteration, and deletion to uphold data quality and adhere to data retention policies. These practices should align with the organization's risk strategy to protect privacy and define clear purpose, scope, roles, and responsibilities within the data processing ecosystem, ensuring management commitment to privacy risk management."
43,CONTROL-P (CT-P),Develop and implement appropriate activities to enable organizations or individuals to manage data with sufficient granularity to manage privacy risks.,"Data Processing Policies, Processes, and Procedures (CT.PO-P)","Policies, processes, and procedures are maintained and used to manage data processing (e.g., purpose, scope, roles and responsibilities in the data processing ecosystem, and management commitment) consistent with the organization’s risk strategy to protect individuals’ privacy.",CT.PO-P3,"Policies, processes, and procedures for enabling individuals’ data processing preferences and requests are established and in place.","Establish and maintain policies, processes, and procedures that enable the management of individuals' data processing preferences and requests, ensuring alignment with the organization's privacy risk strategy and management commitment. This should include defining the purpose, scope, roles, and responsibilities within the data processing ecosystem to support granular data management and protect individuals' privacy."
44,CONTROL-P (CT-P),Develop and implement appropriate activities to enable organizations or individuals to manage data with sufficient granularity to manage privacy risks.,"Data Processing Policies, Processes, and Procedures (CT.PO-P)","Policies, processes, and procedures are maintained and used to manage data processing (e.g., purpose, scope, roles and responsibilities in the data processing ecosystem, and management commitment) consistent with the organization’s risk strategy to protect individuals’ privacy.",CT.PO-P4,A data life cycle to manage data is aligned and implemented with the system development life cycle to manage systems.,"Develop and implement data management policies, processes, and procedures that align the data life cycle with the system development life cycle, ensuring management of systems and data with granularity sufficient to address privacy risks, in accordance with organizational risk strategies and commitments to protect individual privacy."
45,CONTROL-P (CT-P),Develop and implement appropriate activities to enable organizations or individuals to manage data with sufficient granularity to manage privacy risks.,Data Processing Management (CT.DM-P),"Data are managed consistent with the organization’s risk strategy to protect individuals’ privacy, increase manageability, and enable the implementation of privacy principles (e.g., individual participation, data quality, data minimization).",CT.DM-P1,Data elements can be accessed for review.,"Ensure that data elements are accessible for review to support the organization's activities in managing data with the granularity necessary for effective privacy risk management, aligning with the organization's risk strategy to protect individual privacy, enhance manageability, and facilitate the implementation of key privacy principles such as individual participation, data quality, and data minimization."
46,CONTROL-P (CT-P),Develop and implement appropriate activities to enable organizations or individuals to manage data with sufficient granularity to manage privacy risks.,Data Processing Management (CT.DM-P),"Data are managed consistent with the organization’s risk strategy to protect individuals’ privacy, increase manageability, and enable the implementation of privacy principles (e.g., individual participation, data quality, data minimization).",CT.DM-P2,Data elements can be accessed for transmission or disclosure.,"Ensure that data elements are accessible for transmission or disclosure in a manner that aligns with the organization's risk strategy to protect individual privacy, enhance manageability, and support the implementation of core privacy principles such as individual participation, data quality, and data minimization, thereby enabling organizations or individuals to manage data with the granularity necessary to address privacy risks effectively."
47,CONTROL-P (CT-P),Develop and implement appropriate activities to enable organizations or individuals to manage data with sufficient granularity to manage privacy risks.,Data Processing Management (CT.DM-P),"Data are managed consistent with the organization’s risk strategy to protect individuals’ privacy, increase manageability, and enable the implementation of privacy principles (e.g., individual participation, data quality, data minimization).",CT.DM-P3,Data elements can be accessed for alteration.,"Ensure that data elements are accessible for modification to support the organization's ability to manage data with the granularity necessary for mitigating privacy risks, aligning with the organization’s risk strategy to protect individual privacy, enhance manageability, and facilitate the adherence to privacy principles such as individual participation, data quality, and data minimization."
48,CONTROL-P (CT-P),Develop and implement appropriate activities to enable organizations or individuals to manage data with sufficient granularity to manage privacy risks.,Data Processing Management (CT.DM-P),"Data are managed consistent with the organization’s risk strategy to protect individuals’ privacy, increase manageability, and enable the implementation of privacy principles (e.g., individual participation, data quality, data minimization).",CT.DM-P4,Data elements can be accessed for deletion.,"Ensure mechanisms are in place to allow for the access and deletion of data elements, supporting the management of data with the granularity necessary to address privacy risks effectively, aligning with the organization's risk strategy to protect privacy, enhance manageability, and uphold privacy principles such as individual participation, data quality, and data minimization."
49,CONTROL-P (CT-P),Develop and implement appropriate activities to enable organizations or individuals to manage data with sufficient granularity to manage privacy risks.,Data Processing Management (CT.DM-P),"Data are managed consistent with the organization’s risk strategy to protect individuals’ privacy, increase manageability, and enable the implementation of privacy principles (e.g., individual participation, data quality, data minimization).",CT.DM-P5,Data are destroyed according to policy.,"Ensure the implementation of policies for the destruction of data aligns with the organization's privacy risk management strategy, thereby supporting the protection of individual privacy, enhancing data manageability, and facilitating the adherence to core privacy principles such as individual participation, data quality, and data minimization."
50,CONTROL-P (CT-P),Develop and implement appropriate activities to enable organizations or individuals to manage data with sufficient granularity to manage privacy risks.,Data Processing Management (CT.DM-P),"Data are managed consistent with the organization’s risk strategy to protect individuals’ privacy, increase manageability, and enable the implementation of privacy principles (e.g., individual participation, data quality, data minimization).",CT.DM-P6,Data are transmitted using standardized formats.,"Ensure the transmission of data using standardized formats to support the management of data with the granularity necessary for effective privacy risk management, aligning with the organization's risk strategy to protect individual privacy, enhance manageability, and facilitate the implementation of core privacy principles."
51,CONTROL-P (CT-P),Develop and implement appropriate activities to enable organizations or individuals to manage data with sufficient granularity to manage privacy risks.,Data Processing Management (CT.DM-P),"Data are managed consistent with the organization’s risk strategy to protect individuals’ privacy, increase manageability, and enable the implementation of privacy principles (e.g., individual participation, data quality, data minimization).",CT.DM-P7,Mechanisms for transmitting processing permissions and related data values with data elements are established and in place.,"Establish and maintain mechanisms that ensure the transmission and processing of permissions and associated data values alongside data elements, to support the management of data in alignment with the organization's risk strategy. This facilitates the protection of individual privacy, enhances manageability, and supports the implementation of core privacy principles such as individual participation, data quality, and data minimization."
52,CONTROL-P (CT-P),Develop and implement appropriate activities to enable organizations or individuals to manage data with sufficient granularity to manage privacy risks.,Data Processing Management (CT.DM-P),"Data are managed consistent with the organization’s risk strategy to protect individuals’ privacy, increase manageability, and enable the implementation of privacy principles (e.g., individual participation, data quality, data minimization).",CT.DM-P8,"Audit/log records are determined, documented, implemented, and reviewed in accordance with policy and incorporating the principle of data minimization.","Ensure audit and log records are established, documented, implemented, and periodically reviewed in alignment with organizational policies, emphasizing the principle of data minimization to manage data with the granularity necessary for effective privacy risk management, thereby supporting the organization's broader risk strategy and reinforcing adherence to core privacy principles such as individual participation, data quality, and data minimization."
53,CONTROL-P (CT-P),Develop and implement appropriate activities to enable organizations or individuals to manage data with sufficient granularity to manage privacy risks.,Data Processing Management (CT.DM-P),"Data are managed consistent with the organization’s risk strategy to protect individuals’ privacy, increase manageability, and enable the implementation of privacy principles (e.g., individual participation, data quality, data minimization).",CT.DM-P9,Technical measures implemented to manage data processing are tested and assessed.,"Implement and assess technical measures for data processing to ensure they align with the organization's privacy risk strategy, thereby supporting the management of data in a way that respects privacy principles such as individual participation, data quality, and data minimization."
54,CONTROL-P (CT-P),Develop and implement appropriate activities to enable organizations or individuals to manage data with sufficient granularity to manage privacy risks.,Data Processing Management (CT.DM-P),"Data are managed consistent with the organization’s risk strategy to protect individuals’ privacy, increase manageability, and enable the implementation of privacy principles (e.g., individual participation, data quality, data minimization).",CT.DM-P10,Stakeholder privacy preferences are included in algorithmic design objectives and outputs are evaluated against these preferences.,"Incorporate stakeholder privacy preferences into the design objectives of algorithms and evaluate the outputs to ensure alignment with these preferences, as part of the organization's activities to manage data with granularity that addresses privacy risks effectively. This practice supports the organization's broader risk strategy to safeguard individual privacy, enhance data manageability, and uphold key privacy principles such as individual participation, data quality, and data minimization."
55,CONTROL-P (CT-P),Develop and implement appropriate activities to enable organizations or individuals to manage data with sufficient granularity to manage privacy risks.,Disassociated Processing (CT.DP-P),"Data processing solutions increase disassociability consistent with the organization’s risk strategy to protect individuals’ privacy and enable implementation of privacy principles (e.g., data minimization).",CT.DP-P1,"Data are processed to limit observability and linkability (e.g., data actions take place on local devices, privacy-preserving cryptography).","Implement data processing solutions that enhance disassociability by limiting observability and linkability of data, such as conducting data actions on local devices and employing privacy-preserving cryptography, aligned with the organization's risk strategy to protect individuals' privacy and support the implementation of privacy principles like data minimization."
56,CONTROL-P (CT-P),Develop and implement appropriate activities to enable organizations or individuals to manage data with sufficient granularity to manage privacy risks.,Disassociated Processing (CT.DP-P),"Data processing solutions increase disassociability consistent with the organization’s risk strategy to protect individuals’ privacy and enable implementation of privacy principles (e.g., data minimization).",CT.DP-P2,"Data are processed to limit the identification of individuals (e.g., de-identification privacy techniques, tokenization).","Implement data processing solutions such as de-identification and tokenization to enhance the disassociability of personal data, aligning with the organization's risk strategy for privacy protection and supporting the implementation of privacy principles like data minimization. This is to manage privacy risks effectively while maintaining the ability to manage data with the granularity necessary for organizational or individual privacy management."
57,CONTROL-P (CT-P),Develop and implement appropriate activities to enable organizations or individuals to manage data with sufficient granularity to manage privacy risks.,Disassociated Processing (CT.DP-P),"Data processing solutions increase disassociability consistent with the organization’s risk strategy to protect individuals’ privacy and enable implementation of privacy principles (e.g., data minimization).",CT.DP-P3,"Data are processed to limit the formulation of inferences about individuals’ behavior or activities (e.g., data processing is decentralized, distributed architectures).","Develop and implement data processing solutions that limit the formulation of inferences about individuals' behavior or activities by employing methods such as decentralization and distributed architectures. This approach should align with the organization's risk strategy to enhance disassociability, supporting the protection of individuals' privacy and the implementation of privacy principles like data minimization."
58,CONTROL-P (CT-P),Develop and implement appropriate activities to enable organizations or individuals to manage data with sufficient granularity to manage privacy risks.,Disassociated Processing (CT.DP-P),"Data processing solutions increase disassociability consistent with the organization’s risk strategy to protect individuals’ privacy and enable implementation of privacy principles (e.g., data minimization).",CT.DP-P4,System or device configurations permit selective collection or disclosure of data elements.,"Develop and implement system or device configurations that allow for the selective collection or disclosure of data elements, enhancing disassociability in line with the organization's risk strategy to protect individuals' privacy. This supports the management of privacy risks with granular control over data, aligning with principles such as data minimization."
59,CONTROL-P (CT-P),Develop and implement appropriate activities to enable organizations or individuals to manage data with sufficient granularity to manage privacy risks.,Disassociated Processing (CT.DP-P),"Data processing solutions increase disassociability consistent with the organization’s risk strategy to protect individuals’ privacy and enable implementation of privacy principles (e.g., data minimization).",CT.DP-P5,Attribute references are substituted for attribute values.,"Implement data processing solutions that substitute attribute references for attribute values, enhancing disassociability in line with the organization's risk strategy to support privacy principles such as data minimization, thereby enabling precise management of privacy risks at the necessary granularity."
60,COMMUNICATE-P (CM-P),Develop and implement appropriate activities to enable organizations and individuals to have a reliable understanding and engage in a dialogue about how data are processed and associated privacy risks.,"Communication Policies, Processes, and Procedures (CM.PO-P)","Policies, processes, and procedures are maintained and used to increase transparency of the organization’s data processing practices (e.g., purpose, scope, roles and responsibilities in the data processing ecosystem, and management commitment) and associated privacy risks.",CM.PO-P1,"Transparency policies, processes, and procedures for communicating data processing purposes, practices, and associated privacy risks are established and in place.","Establish and maintain transparency policies, processes, and procedures that clearly communicate the purposes, practices, and privacy risks of data processing to enhance organizational and individual understanding, facilitating an informed dialogue about data management commitments and responsibilities within the data processing ecosystem."
61,COMMUNICATE-P (CM-P),Develop and implement appropriate activities to enable organizations and individuals to have a reliable understanding and engage in a dialogue about how data are processed and associated privacy risks.,"Communication Policies, Processes, and Procedures (CM.PO-P)","Policies, processes, and procedures are maintained and used to increase transparency of the organization’s data processing practices (e.g., purpose, scope, roles and responsibilities in the data processing ecosystem, and management commitment) and associated privacy risks.",CM.PO-P2,"Roles and responsibilities (e.g., public relations) for communicating data processing purposes, practices, and associated privacy risks are established.","Establish and delineate roles and responsibilities for communicating the purposes and practices of data processing, as well as the associated privacy risks, to enhance transparency and foster a reliable understanding among stakeholders, in alignment with organizational policies and commitments to privacy management."
62,COMMUNICATE-P (CM-P),Develop and implement appropriate activities to enable organizations and individuals to have a reliable understanding and engage in a dialogue about how data are processed and associated privacy risks.,Data Processing Awareness (CM.AW-P),"Individuals and organizations have reliable knowledge about data processing practices and associated privacy risks, and effective mechanisms are used and maintained to increase predictability consistent with the organization’s risk strategy to protect individuals’ privacy.",CM.AW-P1,"Mechanisms (e.g., notices, internal or public reports) for communicating data processing purposes, practices, associated privacy risks, and options for enabling individuals’ data processing preferences and requests are established and in place.","Establish and maintain mechanisms such as notices and reports to communicate data processing purposes, practices, associated privacy risks, and options for individuals to manage their data processing preferences and requests. This ensures that both organizations and individuals have a reliable understanding of data processing activities, enhancing predictability and alignment with the organization’s privacy risk strategy."
63,COMMUNICATE-P (CM-P),Develop and implement appropriate activities to enable organizations and individuals to have a reliable understanding and engage in a dialogue about how data are processed and associated privacy risks.,Data Processing Awareness (CM.AW-P),"Individuals and organizations have reliable knowledge about data processing practices and associated privacy risks, and effective mechanisms are used and maintained to increase predictability consistent with the organization’s risk strategy to protect individuals’ privacy.",CM.AW-P2,"Mechanisms for obtaining feedback from individuals (e.g., surveys or focus groups) about data processing and associated privacy risks are established and in place.","Establish and maintain mechanisms such as surveys or focus groups to gather feedback from individuals about data processing practices and associated privacy risks, ensuring reliable knowledge and dialogue consistent with the organization’s privacy risk strategy."
64,COMMUNICATE-P (CM-P),Develop and implement appropriate activities to enable organizations and individuals to have a reliable understanding and engage in a dialogue about how data are processed and associated privacy risks.,Data Processing Awareness (CM.AW-P),"Individuals and organizations have reliable knowledge about data processing practices and associated privacy risks, and effective mechanisms are used and maintained to increase predictability consistent with the organization’s risk strategy to protect individuals’ privacy.",CM.AW-P3,System/product/service design enables data processing visibility.,"Design and implement systems, products, or services to ensure transparency in data processing, enabling both organizations and individuals to understand and discuss how data are utilized and the associated privacy risks. This supports the objective of developing reliable knowledge about data processing practices, enhancing predictability in alignment with the organization’s privacy risk strategy, and fostering effective dialogue mechanisms to protect individual privacy."
65,COMMUNICATE-P (CM-P),Develop and implement appropriate activities to enable organizations and individuals to have a reliable understanding and engage in a dialogue about how data are processed and associated privacy risks.,Data Processing Awareness (CM.AW-P),"Individuals and organizations have reliable knowledge about data processing practices and associated privacy risks, and effective mechanisms are used and maintained to increase predictability consistent with the organization’s risk strategy to protect individuals’ privacy.",CM.AW-P4,Records of data disclosures and sharing are maintained and can be accessed for review or transmission/disclosure.,"Maintain and provide access to records of data disclosures and sharing to enhance transparency and accountability, ensuring that both organizations and individuals have a reliable understanding of data processing practices and associated privacy risks, thereby supporting a dialogue consistent with the organization’s privacy risk strategy."
66,COMMUNICATE-P (CM-P),Develop and implement appropriate activities to enable organizations and individuals to have a reliable understanding and engage in a dialogue about how data are processed and associated privacy risks.,Data Processing Awareness (CM.AW-P),"Individuals and organizations have reliable knowledge about data processing practices and associated privacy risks, and effective mechanisms are used and maintained to increase predictability consistent with the organization’s risk strategy to protect individuals’ privacy.",CM.AW-P5,"Data corrections or deletions can be communicated to individuals or organizations (e.g., data sources) in the data processing ecosystem.","Ensure mechanisms are in place to communicate corrections or deletions of data to relevant individuals or organizations within the data processing ecosystem, enhancing transparency and predictability in data handling practices consistent with the organization’s privacy risk strategy, thereby supporting reliable understanding and dialogue about data processing and associated privacy risks."
67,COMMUNICATE-P (CM-P),Develop and implement appropriate activities to enable organizations and individuals to have a reliable understanding and engage in a dialogue about how data are processed and associated privacy risks.,Data Processing Awareness (CM.AW-P),"Individuals and organizations have reliable knowledge about data processing practices and associated privacy risks, and effective mechanisms are used and maintained to increase predictability consistent with the organization’s risk strategy to protect individuals’ privacy.",CM.AW-P6,Data provenance and lineage are maintained and can be accessed for review or transmission/disclosure.,"Maintain and ensure accessibility of data provenance and lineage to support a reliable understanding of data processing practices and privacy risks, thereby enhancing dialogue and predictability in alignment with the organization's privacy risk strategy."
68,COMMUNICATE-P (CM-P),Develop and implement appropriate activities to enable organizations and individuals to have a reliable understanding and engage in a dialogue about how data are processed and associated privacy risks.,Data Processing Awareness (CM.AW-P),"Individuals and organizations have reliable knowledge about data processing practices and associated privacy risks, and effective mechanisms are used and maintained to increase predictability consistent with the organization’s risk strategy to protect individuals’ privacy.",CM.AW-P7,Impacted individuals and organizations are notified about a privacy breach or event.,"Develop and implement notification processes for individuals and organizations affected by a privacy breach or event, ensuring they have reliable knowledge about data processing practices and associated privacy risks. This aligns with the organization's risk strategy to protect individuals' privacy and enhances predictability and dialogue about data usage."
69,COMMUNICATE-P (CM-P),Develop and implement appropriate activities to enable organizations and individuals to have a reliable understanding and engage in a dialogue about how data are processed and associated privacy risks.,Data Processing Awareness (CM.AW-P),"Individuals and organizations have reliable knowledge about data processing practices and associated privacy risks, and effective mechanisms are used and maintained to increase predictability consistent with the organization’s risk strategy to protect individuals’ privacy.",CM.AW-P8,"Individuals are provided with mitigation mechanisms (e.g., credit monitoring, consent withdrawal, data alteration or deletion) to address impacts of problematic data actions.","Develop and implement mechanisms such as credit monitoring, consent withdrawal, data alteration, or deletion to mitigate the impacts of problematic data actions, ensuring that individuals and organizations have reliable knowledge about data processing practices and associated privacy risks. This supports the objective of fostering a reliable understanding and dialogue about data processing, aligning with the organization’s risk strategy to protect individuals’ privacy."
70,PROTECT-P (PR-P),Develop and implement appropriate data processing safeguards.,"Data Protection Policies, Processes, and Procedures (PR.PO-P)","Security and privacy policies (e.g., purpose, scope, roles and responsibilities in the data processing ecosystem, and management commitment), processes, and procedures are maintained and used to manage the protection of data.",PR.PO-P1,"A baseline configuration of information technology is created and maintained incorporating security principles (e.g., concept of least functionality).","Establish and maintain a baseline configuration of information technology systems that integrates security principles, such as the concept of least functionality, to support the development and implementation of appropriate data processing safeguards. This is aligned with the security and privacy policies, processes, and procedures designed to manage the protection of data within the organization."
71,PROTECT-P (PR-P),Develop and implement appropriate data processing safeguards.,"Data Protection Policies, Processes, and Procedures (PR.PO-P)","Security and privacy policies (e.g., purpose, scope, roles and responsibilities in the data processing ecosystem, and management commitment), processes, and procedures are maintained and used to manage the protection of data.",PR.PO-P2,Configuration change control processes are established and in place.,"Establish and maintain configuration change control processes to manage the protection of data, ensuring these processes are aligned with security and privacy policies, and support the development and implementation of appropriate data processing safeguards."
72,PROTECT-P (PR-P),Develop and implement appropriate data processing safeguards.,"Data Protection Policies, Processes, and Procedures (PR.PO-P)","Security and privacy policies (e.g., purpose, scope, roles and responsibilities in the data processing ecosystem, and management commitment), processes, and procedures are maintained and used to manage the protection of data.",PR.PO-P3,"Backups of information are conducted, maintained, and tested.","Ensure the development and implementation of data processing safeguards include the regular backup, maintenance, and testing of information, as part of the security and privacy policies and procedures designed to protect data within the organization."
73,PROTECT-P (PR-P),Develop and implement appropriate data processing safeguards.,"Data Protection Policies, Processes, and Procedures (PR.PO-P)","Security and privacy policies (e.g., purpose, scope, roles and responsibilities in the data processing ecosystem, and management commitment), processes, and procedures are maintained and used to manage the protection of data.",PR.PO-P4,Policy and regulations regarding the physical operating environment for organizational assets are met.,"Ensure organizational policies and regulations are established and adhered to for the physical operating environment of organizational assets, as part of developing and implementing data processing safeguards, in alignment with security and privacy policies that manage data protection."
74,PROTECT-P (PR-P),Develop and implement appropriate data processing safeguards.,"Data Protection Policies, Processes, and Procedures (PR.PO-P)","Security and privacy policies (e.g., purpose, scope, roles and responsibilities in the data processing ecosystem, and management commitment), processes, and procedures are maintained and used to manage the protection of data.",PR.PO-P5,Protection processes are improved.,"Enhance protection processes to align with security and privacy policies, ensuring effective management of data protection within the scope of developing and implementing appropriate data processing safeguards."
75,PROTECT-P (PR-P),Develop and implement appropriate data processing safeguards.,"Data Protection Policies, Processes, and Procedures (PR.PO-P)","Security and privacy policies (e.g., purpose, scope, roles and responsibilities in the data processing ecosystem, and management commitment), processes, and procedures are maintained and used to manage the protection of data.",PR.PO-P6,Effectiveness of protection technologies is shared.,"Ensure the effectiveness of protection technologies is actively shared and communicated within the organization to enhance the management and implementation of data processing safeguards, aligning with established security and privacy policies, processes, and procedures."
76,PROTECT-P (PR-P),Develop and implement appropriate data processing safeguards.,"Data Protection Policies, Processes, and Procedures (PR.PO-P)","Security and privacy policies (e.g., purpose, scope, roles and responsibilities in the data processing ecosystem, and management commitment), processes, and procedures are maintained and used to manage the protection of data.",PR.PO-P7,"Response plans (Incident Response and Business Continuity) and recovery plans (Incident Recovery and Disaster Recovery) are established, in place, and managed.","Establish, maintain, and manage comprehensive Response and Recovery plans, including Incident Response, Business Continuity, Incident Recovery, and Disaster Recovery, to ensure robust data processing safeguards align with security and privacy policies, processes, and procedures for effective data protection management."
77,PROTECT-P (PR-P),Develop and implement appropriate data processing safeguards.,"Data Protection Policies, Processes, and Procedures (PR.PO-P)","Security and privacy policies (e.g., purpose, scope, roles and responsibilities in the data processing ecosystem, and management commitment), processes, and procedures are maintained and used to manage the protection of data.",PR.PO-P8,Response and recovery plans are tested.,"Develop and implement data processing safeguards by maintaining and utilizing security and privacy policies, processes, and procedures to ensure that response and recovery plans are regularly tested and effective in managing the protection of data."
78,PROTECT-P (PR-P),Develop and implement appropriate data processing safeguards.,"Data Protection Policies, Processes, and Procedures (PR.PO-P)","Security and privacy policies (e.g., purpose, scope, roles and responsibilities in the data processing ecosystem, and management commitment), processes, and procedures are maintained and used to manage the protection of data.",PR.PO-P9,"Privacy procedures are included in human resources practices (e.g., deprovisioning, personnel screening).","Integrate privacy procedures within human resources practices, such as deprovisioning and personnel screening, to uphold data processing safeguards, ensuring alignment with security and privacy policies that govern roles, responsibilities, and management commitment in the data processing ecosystem."
79,PROTECT-P (PR-P),Develop and implement appropriate data processing safeguards.,"Data Protection Policies, Processes, and Procedures (PR.PO-P)","Security and privacy policies (e.g., purpose, scope, roles and responsibilities in the data processing ecosystem, and management commitment), processes, and procedures are maintained and used to manage the protection of data.",PR.PO-P10,A vulnerability management plan is developed and implemented.,"Develop and implement a vulnerability management plan as part of the security and privacy policies to ensure robust data processing safeguards, detailing purpose, scope, roles, responsibilities, and management commitment to protect data within the ecosystem."
80,PROTECT-P (PR-P),Develop and implement appropriate data processing safeguards.,"Identity Management, Authentication, and Access Control (PR.AC-P)","Access to data and devices is limited to authorized individuals, processes, and devices, and is managed consistent with the assessed risk of unauthorized access.",PR.AC-P1,"Identities and credentials are issued, managed, verified, revoked, and audited for authorized individuals, processes, and devices.","Ensure the issuance, management, verification, revocation, and auditing of identities and credentials for all authorized individuals, processes, and devices to limit access to data and devices consistent with the assessed risk of unauthorized access, thereby supporting the development and implementation of appropriate data processing safeguards."
81,PROTECT-P (PR-P),Develop and implement appropriate data processing safeguards.,"Identity Management, Authentication, and Access Control (PR.AC-P)","Access to data and devices is limited to authorized individuals, processes, and devices, and is managed consistent with the assessed risk of unauthorized access.",PR.AC-P2,Physical access to data and devices is managed.,"Ensure physical access to data and devices is restricted and managed to limit access to authorized individuals, processes, and devices, in alignment with the assessed risk of unauthorized access, as part of developing and implementing appropriate data processing safeguards."
82,PROTECT-P (PR-P),Develop and implement appropriate data processing safeguards.,"Identity Management, Authentication, and Access Control (PR.AC-P)","Access to data and devices is limited to authorized individuals, processes, and devices, and is managed consistent with the assessed risk of unauthorized access.",PR.AC-P3,Remote access is managed.,"Ensure that remote access to data and devices is restricted and controlled based on authorization levels and assessed risks to prevent unauthorized access, in alignment with the objective to develop and implement appropriate data processing safeguards."
83,PROTECT-P (PR-P),Develop and implement appropriate data processing safeguards.,"Identity Management, Authentication, and Access Control (PR.AC-P)","Access to data and devices is limited to authorized individuals, processes, and devices, and is managed consistent with the assessed risk of unauthorized access.",PR.AC-P4,"Access permissions and authorizations are managed, incorporating the principles of least privilege and separation of duties.","Implement management of access permissions and authorizations by applying the principles of least privilege and separation of duties to limit access to data and devices to authorized individuals, processes, and devices, in alignment with the assessed risk of unauthorized access, as part of developing and implementing appropriate data processing safeguards."
84,PROTECT-P (PR-P),Develop and implement appropriate data processing safeguards.,"Identity Management, Authentication, and Access Control (PR.AC-P)","Access to data and devices is limited to authorized individuals, processes, and devices, and is managed consistent with the assessed risk of unauthorized access.",PR.AC-P5,"Network integrity is protected (e.g., network segregation, network segmentation).","Ensure network integrity by implementing network segregation and segmentation to limit access to data and devices to authorized individuals, processes, and devices, thereby managing the risk of unauthorized access as part of developing and implementing appropriate data processing safeguards."
85,PROTECT-P (PR-P),Develop and implement appropriate data processing safeguards.,"Identity Management, Authentication, and Access Control (PR.AC-P)","Access to data and devices is limited to authorized individuals, processes, and devices, and is managed consistent with the assessed risk of unauthorized access.",PR.AC-P6,"Individuals and devices are proofed and bound to credentials, and authenticated commensurate with the risk of the transaction (e.g., individuals’ security and privacy risks and other organizational risks).","Ensure that individuals and devices are rigorously proofed and securely bound to credentials, with authentication levels tailored to match the risk associated with the transaction. This includes evaluating the security and privacy risks to individuals, as well as other organizational risks, to develop and implement robust data processing safeguards. Access to data and devices must be strictly limited to authorized individuals, processes, and devices, managed in accordance with the assessed risk of unauthorized access."
86,PROTECT-P (PR-P),Develop and implement appropriate data processing safeguards.,Data Security (PR.DS-P),"Data are managed consistent with the organization’s risk strategy to protect individuals’ privacy and maintain data confidentiality, integrity, and availability.",PR.DS-P1,Data-at-rest are protected.,"Ensure that data-at-rest are protected to align with the organization's risk strategy, thereby safeguarding individuals' privacy and ensuring the confidentiality, integrity, and availability of data, as part of developing and implementing appropriate data processing safeguards."
87,PROTECT-P (PR-P),Develop and implement appropriate data processing safeguards.,Data Security (PR.DS-P),"Data are managed consistent with the organization’s risk strategy to protect individuals’ privacy and maintain data confidentiality, integrity, and availability.",PR.DS-P2,Data-in-transit are protected.,"Ensure data-in-transit is protected to align with the organization's risk strategy, thereby upholding the confidentiality, integrity, and availability of data as part of developing and implementing appropriate data processing safeguards."
88,PROTECT-P (PR-P),Develop and implement appropriate data processing safeguards.,Data Security (PR.DS-P),"Data are managed consistent with the organization’s risk strategy to protect individuals’ privacy and maintain data confidentiality, integrity, and availability.",PR.DS-P3,"Systems/products/services and associated data are formally managed throughout removal, transfers, and disposition.","Ensure the formal management of systems, products, and services, along with their associated data, throughout their removal, transfer, and disposition processes to align with the organization's risk strategy, thereby protecting individuals' privacy and maintaining data confidentiality, integrity, and availability as part of developing and implementing appropriate data processing safeguards."
89,PROTECT-P (PR-P),Develop and implement appropriate data processing safeguards.,Data Security (PR.DS-P),"Data are managed consistent with the organization’s risk strategy to protect individuals’ privacy and maintain data confidentiality, integrity, and availability.",PR.DS-P4,Adequate capacity to ensure availability is maintained.,"Ensure the organization has the necessary capacity to maintain data availability, as part of implementing data processing safeguards, in alignment with the organization's risk strategy to uphold privacy, and ensure data confidentiality, integrity, and availability."
90,PROTECT-P (PR-P),Develop and implement appropriate data processing safeguards.,Data Security (PR.DS-P),"Data are managed consistent with the organization’s risk strategy to protect individuals’ privacy and maintain data confidentiality, integrity, and availability.",PR.DS-P5,Protections against data leaks are implemented.,"Implement data leak protections to align with the organization's risk strategy, ensuring the confidentiality, integrity, and availability of data, thereby safeguarding individual privacy as part of developing and enforcing appropriate data processing safeguards."
91,PROTECT-P (PR-P),Develop and implement appropriate data processing safeguards.,Data Security (PR.DS-P),"Data are managed consistent with the organization’s risk strategy to protect individuals’ privacy and maintain data confidentiality, integrity, and availability.",PR.DS-P6,"Integrity checking mechanisms are used to verify software, firmware, and information integrity.","Implement integrity checking mechanisms to verify the integrity of software, firmware, and information, ensuring data management aligns with the organization's risk strategy to protect individuals' privacy and uphold data confidentiality, integrity, and availability, as part of developing and implementing appropriate data processing safeguards."
92,PROTECT-P (PR-P),Develop and implement appropriate data processing safeguards.,Data Security (PR.DS-P),"Data are managed consistent with the organization’s risk strategy to protect individuals’ privacy and maintain data confidentiality, integrity, and availability.",PR.DS-P7,The development and testing environment(s) are separate from the production environment.,"Ensure that development and testing environments are segregated from the production environment to uphold data confidentiality, integrity, and availability in alignment with the organization's risk strategy, thereby protecting individuals' privacy as part of implementing appropriate data processing safeguards."
93,PROTECT-P (PR-P),Develop and implement appropriate data processing safeguards.,Data Security (PR.DS-P),"Data are managed consistent with the organization’s risk strategy to protect individuals’ privacy and maintain data confidentiality, integrity, and availability.",PR.DS-P8,Integrity checking mechanisms are used to verify hardware integrity.,"Implement integrity checking mechanisms to ensure hardware integrity, thereby supporting the organization's data processing safeguards that align with its risk strategy to protect privacy and maintain data confidentiality, integrity, and availability."
94,PROTECT-P (PR-P),Develop and implement appropriate data processing safeguards.,Maintenance (PR.MA-P),"System maintenance and repairs are performed consistent with policies, processes, and procedures.",PR.MA-P1,"Maintenance and repair of organizational assets are performed and logged, with approved and controlled tools.","Ensure that the maintenance and repair of organizational assets are conducted using approved and controlled tools, and that all such activities are accurately logged, in alignment with established policies, processes, and procedures to support the safeguarding of data processing."
95,PROTECT-P (PR-P),Develop and implement appropriate data processing safeguards.,Maintenance (PR.MA-P),"System maintenance and repairs are performed consistent with policies, processes, and procedures.",PR.MA-P2,"Remote maintenance of organizational assets is approved, logged, and performed in a manner that prevents unauthorized access.","Ensure that remote maintenance of organizational assets is formally approved, meticulously logged, and conducted securely to prevent unauthorized access, in alignment with established policies, processes, and procedures to uphold data processing safeguards."
96,PROTECT-P (PR-P),Develop and implement appropriate data processing safeguards.,Protective Technology (PR.PT-P),"Technical security solutions are managed to ensure the security and resilience of systems/products/services and associated data, consistent with related policies, processes, procedures, and agreements.",PR.PT-P1,Removable media is protected and its use restricted according to policy.,"Ensure the protection and restricted use of removable media through defined policies, as part of the technical security solutions managed to enhance the security and resilience of systems, products, and services, aligning with organizational policies, processes, procedures, and agreements to support the development and implementation of appropriate data processing safeguards."
97,PROTECT-P (PR-P),Develop and implement appropriate data processing safeguards.,Protective Technology (PR.PT-P),"Technical security solutions are managed to ensure the security and resilience of systems/products/services and associated data, consistent with related policies, processes, procedures, and agreements.",PR.PT-P2,The principle of least functionality is incorporated by configuring systems to provide only essential capabilities.,"Implement system configurations that enforce the principle of least functionality, ensuring that systems, products, and services operate with only the necessary capabilities required for their intended function. This control supports the safeguarding of data by aligning with security policies, processes, procedures, and agreements to maintain the security and resilience of systems and associated data."
98,PROTECT-P (PR-P),Develop and implement appropriate data processing safeguards.,Protective Technology (PR.PT-P),"Technical security solutions are managed to ensure the security and resilience of systems/products/services and associated data, consistent with related policies, processes, procedures, and agreements.",PR.PT-P3,Communications and control networks are protected.,"Ensure that communications and control networks are secured to maintain the integrity and resilience of systems, products, and services, as well as the protection of associated data, in alignment with organizational policies, processes, procedures, and agreements, thereby supporting the development and implementation of necessary data processing safeguards."
99,PROTECT-P (PR-P),Develop and implement appropriate data processing safeguards.,Protective Technology (PR.PT-P),"Technical security solutions are managed to ensure the security and resilience of systems/products/services and associated data, consistent with related policies, processes, procedures, and agreements.",PR.PT-P4,"Mechanisms (e.g., failsafe, load balancing, hot swap) are implemented to achieve resilience requirements in normal and adverse situations.","Implement mechanisms such as failsafe, load balancing, and hot swap to ensure the resilience of systems, products, and services in both normal and adverse situations, thereby upholding the security and resilience of associated data in alignment with relevant policies, processes, procedures, and agreements."
